{
"Origin": [
8.183311462402344,
"None"
],
"Default": [
5.239772796630859,
"['RemoveUnusedFunctions', 'ToBasicBlockNormalForm', 'Legalize', 'SimplifyInference', 'EliminateCommonSubexpr', 'CombineParallelConv2D', 'CombineParallelDense', 'CombineParallelBatchMatmul', 'FoldConstant', 'FoldScaleAxis', 'SimplifyExpr', 'CanonicalizeCast', 'CanonicalizeOps', 'FlattenAtrousConv', 'AlterOpLayout', 'SimplifyExpr', 'FastMath', 'FoldConstant', 'SplitArgs', 'FuseOps']"
],
"Greedy": [
5.096218109130859,
"['FuseOps']"
],
"Beam": [
3.8760032653808594,
"['FakeQuantizationToInteger', 'FuseOps']"
],
"SA": [
3.0146751403808594,
"['SimplifyExpr', 'FakeQuantizationToInteger', 'AnnotateSpans', 'SimplifyInference', 'EtaExpand', 'FakeQuantizationToInteger', 'DeadCodeElimination', 'CanonicalizeCast', 'EliminateCommonSubexpr', 'ToGraphNormalForm', 'ToBasicBlockNormalForm', 'FoldExplicitPadding', 'PartitionGraph', 'FlattenAtrousConv', 'FuseOps', 'LambdaLift', 'BackwardFoldScaleAxis', 'AnnotateSpans']"
],
"Transfer": [
3.0146751403808594,
"['SimplifyExpr', 'FakeQuantizationToInteger', 'EliminateCommonSubexpr', 'FuseOps']"
]
}