{
"Origin": [
0.001605987548828125,
"None"
],
"Default": [
0.001514434814453125,
"['RemoveUnusedFunctions', 'ToBasicBlockNormalForm', 'Legalize', 'SimplifyInference', 'EliminateCommonSubexpr', 'CombineParallelConv2D', 'CombineParallelDense', 'CombineParallelBatchMatmul', 'FoldConstant', 'FoldScaleAxis', 'SimplifyExpr', 'CanonicalizeCast', 'CanonicalizeOps', 'FlattenAtrousConv', 'AlterOpLayout', 'SimplifyExpr', 'FastMath', 'FoldConstant', 'SplitArgs', 'FuseOps']"
],
"Greedy": [
0.001247406005859375,
"['ToMixedPrecision', 'SimplifyExpr', 'ToMixedPrecision']"
],
"Beam": [
0.001247406005859375,
"['SimplifyExpr', 'ToMixedPrecision']"
],
"SA": [
0.0011615753173828125,
"['ForwardFoldScaleAxis', 'FlattenAtrousConv', 'CombineParallelBatchMatmul', 'FakeQuantizationToInteger', 'LambdaLift', 'BackwardFoldScaleAxis', 'CanonicalizeCast', 'SimplifyExpr', 'SimplifyInference', 'ToMixedPrecision', 'RemoveUnusedFunctions', 'FlattenAtrousConv', 'ToANormalForm', 'ToMixedPrecision', 'Legalize', 'ToANormalForm', 'FastMath', 'CanonicalizeOps', 'FoldScaleAxis']"
],
"Transfer": [
0.00109100341796875,
"['SimplifyExpr', 'ToANormalForm', 'FoldScaleAxis', 'ToMixedPrecision', 'ToANormalForm']"
]
}