{
"Origin": [
0.08896541595458984,
"None"
],
"Default": [
0.11092090606689453,
"['RemoveUnusedFunctions', 'ToBasicBlockNormalForm', 'Legalize', 'SimplifyInference', 'EliminateCommonSubexpr', 'CombineParallelConv2D', 'CombineParallelDense', 'CombineParallelBatchMatmul', 'FoldConstant', 'FoldScaleAxis', 'SimplifyExpr', 'CanonicalizeCast', 'CanonicalizeOps', 'FlattenAtrousConv', 'AlterOpLayout', 'SimplifyExpr', 'FastMath', 'FoldConstant', 'SplitArgs', 'FuseOps']"
],
"Greedy": [
0.0819101333618164,
"['FuseOps']"
],
"Beam": [
0.08190631866455078,
"['FakeQuantizationToInteger', 'FuseOps']"
],
"SA": [
0.08162403106689453,
"['RemoveUnusedFunctions', 'SimplifyExpr', 'FoldConstant', 'CombineParallelBatchMatmul', 'ForwardFoldScaleAxis', 'DynamicToStatic', 'FuseOps', 'MarkCompilerFunctionsAsExtern', 'SimplifyExpr', 'ToGraphNormalForm', 'PartitionGraph', 'FoldConstant', 'EtaExpand', 'MarkCompilerFunctionsAsExtern', 'Inline', 'SimplifyInference', 'OutlineCompilerFunctionsWithExistingGlobalSymbols', 'CanonicalizeOps', 'DefuseOps', 'RemoveUnusedFunctions']"
],
"Transfer": [
0.0816202163696289,
"['SimplifyExpr', 'FakeQuantizationToInteger', 'FuseOps']"
]
}