{
"Origin": [
0.000209808349609375,
"None"
],
"Default": [
0.000209808349609375,
"['RemoveUnusedFunctions', 'ToBasicBlockNormalForm', 'Legalize', 'SimplifyInference', 'EliminateCommonSubexpr', 'CombineParallelConv2D', 'CombineParallelDense', 'CombineParallelBatchMatmul', 'FoldConstant', 'FoldScaleAxis', 'SimplifyExpr', 'CanonicalizeCast', 'CanonicalizeOps', 'FlattenAtrousConv', 'AlterOpLayout', 'SimplifyExpr', 'FastMath', 'FoldConstant', 'SplitArgs', 'FuseOps']"
],
"Greedy": [
0.000118255615234375,
"['ToMixedPrecision']"
],
"Beam": [
0.000118255615234375,
"['ToMixedPrecision']"
],
"SA": [
0.000118255615234375,
"['FoldScaleAxis', 'CanonicalizeCast', 'BatchingOps', 'DefuseOps', 'FlattenAtrousConv', 'AnnotateSpans', 'FlattenAtrousConv', 'InferType', 'ToMixedPrecision', 'OutlineCompilerFunctionsWithExistingGlobalSymbols', 'FlattenAtrousConv', 'FuseOps', 'Inline', 'CombineParallelBatchMatmul', 'ToBasicBlockNormalForm', 'FoldConstant', 'Inline', 'DeadCodeElimination', 'AlterOpLayout']"
],
"Transfer": [
0.000118255615234375,
"['ToANormalForm', 'ToGraphNormalForm', 'ToMixedPrecision']"
]
}