{
"Origin": [
0.03549957275390625,
"None"
],
"Default": [
0.02707672119140625,
"['RemoveUnusedFunctions', 'ToBasicBlockNormalForm', 'Legalize', 'SimplifyInference', 'EliminateCommonSubexpr', 'CombineParallelConv2D', 'CombineParallelDense', 'CombineParallelBatchMatmul', 'FoldConstant', 'FoldScaleAxis', 'SimplifyExpr', 'CanonicalizeCast', 'CanonicalizeOps', 'FlattenAtrousConv', 'AlterOpLayout', 'SimplifyExpr', 'FastMath', 'FoldConstant', 'SplitArgs', 'FuseOps']"
],
"Greedy": [
0.020503997802734375,
"['SimplifyExpr', 'ToMixedPrecision', 'FuseOps']"
],
"Beam": [
0.020503997802734375,
"['SimplifyExpr', 'ToMixedPrecision', 'FuseOps']"
],
"SA": [
0.02642059326171875,
"['ToBasicBlockNormalForm', 'FoldExplicitPadding', 'FoldExplicitPadding', 'FoldScaleAxis', 'MergeCompilerRegions', 'FoldExplicitPadding', 'BackwardFoldScaleAxis', 'FastMath', 'SimplifyExpr', 'FastMath', 'DefuseOps', 'FoldScaleAxis', 'LambdaLift', 'FlattenAtrousConv', 'CanonicalizeCast', 'MarkCompilerFunctionsAsExtern', 'DeadCodeElimination', 'CombineParallelDense', 'Inline', 'SplitArgs']"
],
"Transfer": [
0.02014923095703125,
"['EliminateCommonSubexpr', 'SimplifyExpr', 'FuseOps', 'ToGraphNormalForm', 'ToMixedPrecision']"
]
}