{
"Origin": [
8.797645568847656e-05,
"None"
],
"Default": [
2.968311309814453e-05,
"['RemoveUnusedFunctions', 'ToBasicBlockNormalForm', 'Legalize', 'SimplifyInference', 'EliminateCommonSubexpr', 'CombineParallelConv2D', 'CombineParallelDense', 'CombineParallelBatchMatmul', 'FoldConstant', 'FoldScaleAxis', 'SimplifyExpr', 'CanonicalizeCast', 'CanonicalizeOps', 'FlattenAtrousConv', 'AlterOpLayout', 'SimplifyExpr', 'FastMath', 'FoldConstant', 'SplitArgs', 'FuseOps']"
],
"Greedy": [
2.682209014892578e-05,
"['FuseOps', 'DeadCodeElimination']"
],
"Beam": [
2.682209014892578e-05,
"['FuseOps', 'DeadCodeElimination']"
],
"SA": [
2.5033950805664062e-05,
"['OutlineCompilerFunctionsWithExistingGlobalSymbols', 'CanonicalizeCast', 'AnnotateSpans', 'CanonicalizeOps', 'ToANormalForm', 'SimplifyInference', 'MergeCompilerRegions', 'FoldScaleAxis', 'FlattenAtrousConv', 'DeadCodeElimination', 'CanonicalizeOps', 'PartialEvaluate', 'FastMath', 'FuseOps', 'CombineParallelConv2D', 'FlattenAtrousConv', 'MergeCompilerRegions', 'ToGraphNormalForm', 'OutlineCompilerFunctionsWithExistingGlobalSymbols']"
],
"Transfer": [
2.586841583251953e-05,
"['DeadCodeElimination', 'ToGraphNormalForm', 'EliminateCommonSubexpr', 'FuseOps']"
]
}