{
"Origin": [
0.01361846923828125,
"None"
],
"Default": [
0.0247802734375,
"['RemoveUnusedFunctions', 'ToBasicBlockNormalForm', 'Legalize', 'SimplifyInference', 'EliminateCommonSubexpr', 'CombineParallelConv2D', 'CombineParallelDense', 'CombineParallelBatchMatmul', 'FoldConstant', 'FoldScaleAxis', 'SimplifyExpr', 'CanonicalizeCast', 'CanonicalizeOps', 'FlattenAtrousConv', 'AlterOpLayout', 'SimplifyExpr', 'FastMath', 'FoldConstant', 'SplitArgs', 'FuseOps']"
],
"Greedy": [
0.006809234619140625,
"['ToMixedPrecision']"
],
"Beam": [
0.006809234619140625,
"['ToMixedPrecision']"
],
"SA": [
0.007450103759765625,
"['Legalize', 'FuseOps', 'EtaExpand', 'CombineParallelConv2D', 'ToBasicBlockNormalForm', 'BatchingOps', 'ForwardFoldScaleAxis', 'FlattenAtrousConv', 'CombineParallelBatchMatmul', 'FakeQuantizationToInteger', 'LambdaLift', 'BackwardFoldScaleAxis', 'CanonicalizeCast', 'SimplifyExpr', 'SimplifyInference', 'ToMixedPrecision', 'RemoveUnusedFunctions', 'FlattenAtrousConv', 'ToANormalForm']"
],
"Transfer": [
0.006809234619140625,
"['SimplifyExpr', 'ToANormalForm', 'ToMixedPrecision']"
]
}