{
"Origin": [
12.681827545166016,
"None"
],
"Default": [
6.286933898925781,
"['RemoveUnusedFunctions', 'ToBasicBlockNormalForm', 'Legalize', 'SimplifyInference', 'EliminateCommonSubexpr', 'CombineParallelConv2D', 'CombineParallelDense', 'CombineParallelBatchMatmul', 'FoldConstant', 'FoldScaleAxis', 'SimplifyExpr', 'CanonicalizeCast', 'CanonicalizeOps', 'FlattenAtrousConv', 'AlterOpLayout', 'SimplifyExpr', 'FastMath', 'FoldConstant', 'SplitArgs', 'FuseOps']"
],
"Greedy": [
9.236457824707031,
"['FuseOps']"
],
"Beam": [
9.236457824707031,
"['FuseOps']"
],
"SA": [
9.236457824707031,
"['BatchingOps', 'FoldScaleAxis', 'BatchingOps', 'Legalize', 'ForwardFoldScaleAxis', 'RemoveUnusedFunctions', 'FuseOps', 'OutlineCompilerFunctionsWithExistingGlobalSymbols', 'RemoveUnusedFunctions', 'CanonicalizeCast', 'CombineParallelConv2D', 'BatchingOps', 'CanonicalizeOps', 'SimplifyExpr', 'BatchingOps', 'DynamicToStatic', 'EliminateCommonSubexpr']"
],
"Transfer": [
5.708152770996094,
"['EliminateCommonSubexpr', 'SimplifyExpr', 'FakeQuantizationToInteger', 'FuseOps']"
]
}