{
"Origin": [
22.589202880859375,
"None"
],
"Default": [
18.761062622070312,
"['RemoveUnusedFunctions', 'ToBasicBlockNormalForm', 'Legalize', 'SimplifyInference', 'EliminateCommonSubexpr', 'CombineParallelConv2D', 'CombineParallelDense', 'CombineParallelBatchMatmul', 'FoldConstant', 'FoldScaleAxis', 'SimplifyExpr', 'CanonicalizeCast', 'CanonicalizeOps', 'FlattenAtrousConv', 'AlterOpLayout', 'SimplifyExpr', 'FastMath', 'FoldConstant', 'SplitArgs', 'FuseOps']"
],
"Greedy": [
8.693038940429688,
"['ToMixedPrecision', 'FuseOps']"
],
"Beam": [
8.693038940429688,
"['ToMixedPrecision', 'FuseOps']"
],
"SA": [
8.693046569824219,
"['FoldConstant', 'ToBasicBlockNormalForm', 'FoldScaleAxis', 'ToMixedPrecision', 'DynamicToStatic', 'Legalize', 'FuseOps', 'DeadCodeElimination', 'SimplifyExpr', 'CanonicalizeOps', 'CombineParallelConv2D', 'FastMath', 'EliminateCommonSubexpr', 'SimplifyExpr', 'SimplifyExpr', 'CombineParallelDense', 'FoldConstant', 'RemoveUnusedFunctions']"
],
"Transfer": [
8.310226440429688,
"['EliminateCommonSubexpr', 'ToMixedPrecision', 'ToGraphNormalForm', 'FuseOps']"
]
}