{
"Origin": [
280.8125686645508,
"None"
],
"Default": [
389.0937805175781,
"['RemoveUnusedFunctions', 'ToBasicBlockNormalForm', 'Legalize', 'SimplifyInference', 'EliminateCommonSubexpr', 'CombineParallelConv2D', 'CombineParallelDense', 'CombineParallelBatchMatmul', 'FoldConstant', 'FoldScaleAxis', 'SimplifyExpr', 'CanonicalizeCast', 'CanonicalizeOps', 'FlattenAtrousConv', 'AlterOpLayout', 'SimplifyExpr', 'FastMath', 'FoldConstant', 'SplitArgs', 'FuseOps']"
],
"Greedy": [
264.7500419616699,
"['FuseOps']"
],
"Beam": [
258.3594169616699,
"['ToMixedPrecision', 'FuseOps']"
],
"SA": [
259.12505531311035,
"['Legalize', 'InferType', 'LambdaLift', 'ToMixedPrecision', 'FastMath', 'CombineParallelBatchMatmul', 'CombineParallelDense', 'FlattenAtrousConv', 'CanonicalizeCast', 'DefuseOps', 'DefuseOps', 'CanonicalizeCast', 'ToBasicBlockNormalForm', 'RemoveUnusedFunctions', 'AlterOpLayout', 'FoldConstant', 'CanonicalizeCast', 'FuseOps', 'Inline']"
],
"Transfer": [
205.14065551757812,
"['ToANormalForm', 'SimplifyExpr', 'FoldConstant', 'ToMixedPrecision', 'FuseOps']"
]
}