{
"Origin": [
27.59423828125,
"None"
],
"Default": [
1.5314979553222656,
"['RemoveUnusedFunctions', 'ToBasicBlockNormalForm', 'Legalize', 'SimplifyInference', 'EliminateCommonSubexpr', 'CombineParallelConv2D', 'CombineParallelDense', 'CombineParallelBatchMatmul', 'FoldConstant', 'FoldScaleAxis', 'SimplifyExpr', 'CanonicalizeCast', 'CanonicalizeOps', 'FlattenAtrousConv', 'AlterOpLayout', 'SimplifyExpr', 'FastMath', 'FoldConstant', 'SplitArgs', 'FuseOps']"
],
"Greedy": [
1.1484375,
"['SimplifyExpr', 'ToMixedPrecision']"
],
"Beam": [
1.1484375,
"['SimplifyExpr', 'ToMixedPrecision']"
],
"SA": [
1.1484375,
"['DeadCodeElimination', 'ToMixedPrecision', 'LambdaLift', 'ToMixedPrecision', 'RemoveUnusedFunctions', 'SimplifyExpr', 'FoldScaleAxis', 'LambdaLift', 'EliminateCommonSubexpr', 'CanonicalizeCast', 'EtaExpand', 'DeadCodeElimination', 'EliminateCommonSubexpr', 'MergeCompilerRegions', 'FoldExplicitPadding', 'EliminateCommonSubexpr', 'EliminateCommonSubexpr']"
],
"Transfer": [
1.1484375,
"['SimplifyExpr', 'ToANormalForm', 'ToMixedPrecision']"
]
}