{
"Origin": [
0.03936004638671875,
"None"
],
"Default": [
0.031169891357421875,
"['RemoveUnusedFunctions', 'ToBasicBlockNormalForm', 'Legalize', 'SimplifyInference', 'EliminateCommonSubexpr', 'CombineParallelConv2D', 'CombineParallelDense', 'CombineParallelBatchMatmul', 'FoldConstant', 'FoldScaleAxis', 'SimplifyExpr', 'CanonicalizeCast', 'CanonicalizeOps', 'FlattenAtrousConv', 'AlterOpLayout', 'SimplifyExpr', 'FastMath', 'FoldConstant', 'SplitArgs', 'FuseOps']"
],
"Greedy": [
0.026531219482421875,
"['FuseOps', 'ToMixedPrecision']"
],
"Beam": [
0.026531219482421875,
"['FuseOps', 'ToMixedPrecision']"
],
"SA": [
0.019710540771484375,
"['FoldExplicitPadding', 'OutlineCompilerFunctionsWithExistingGlobalSymbols', 'AnnotateSpans', 'MarkCompilerFunctionsAsExtern', 'SimplifyInference', 'FoldScaleAxis', 'BatchingOps', 'SimplifyExpr', 'OutlineCompilerFunctionsWithExistingGlobalSymbols', 'CanonicalizeCast', 'FoldScaleAxis', 'CombineParallelConv2D', 'ToMixedPrecision', 'FuseOps', 'AnnotateSpans', 'BackwardFoldScaleAxis', 'CombineParallelDense', 'OutlineCompilerFunctionsWithExistingGlobalSymbols']"
],
"Transfer": [
0.01914215087890625,
"['ToANormalForm', 'ToMixedPrecision', 'ToMixedPrecision', 'DynamicToStatic', 'ToGraphNormalForm', 'FuseOps']"
]
}