{
  "reshape": {
    "input": [
      {
        "is_anchor": true,
        "rank_range": [
          5,
          5
        ],
        "rel_anchor": []
      },
      {
        "is_anchor": false,
        "rank_range": [
          0,
          0
        ],
        "rel_anchor": []
      },
      {
        "is_anchor": false,
        "rank_range": [
          0,
          0
        ],
        "rel_anchor": []
      },
      {
        "is_anchor": false,
        "rank_range": [
          0,
          0
        ],
        "rel_anchor": []
      }
    ],
    "opr": []
  }
}