{
"Origin": [
0.49494171142578125,
"None"
],
"Default": [
0.3270530700683594,
"['RemoveUnusedFunctions', 'ToBasicBlockNormalForm', 'Legalize', 'SimplifyInference', 'EliminateCommonSubexpr', 'CombineParallelConv2D', 'CombineParallelDense', 'CombineParallelBatchMatmul', 'FoldConstant', 'FoldScaleAxis', 'SimplifyExpr', 'CanonicalizeCast', 'CanonicalizeOps', 'FlattenAtrousConv', 'AlterOpLayout', 'SimplifyExpr', 'FastMath', 'FoldConstant', 'SplitArgs', 'FuseOps']"
],
"Greedy": [
0.3247489929199219,
"['FuseOps']"
],
"Beam": [
0.2597637176513672,
"['ToMixedPrecision', 'FuseOps']"
],
"SA": [
0.2597637176513672,
"['SimplifyInference', 'DeadCodeElimination', 'DynamicToStatic', 'CombineParallelBatchMatmul', 'MarkCompilerFunctionsAsExtern', 'FlattenAtrousConv', 'CanonicalizeOps', 'ToGraphNormalForm', 'MarkCompilerFunctionsAsExtern', 'CanonicalizeOps', 'DeadCodeElimination', 'PartitionGraph', 'InferType', 'FakeQuantizationToInteger', 'CanonicalizeCast', 'ToMixedPrecision', 'AlterOpLayout', 'FuseOps']"
],
"Transfer": [
0.25914573669433594,
"['EliminateCommonSubexpr', 'ToMixedPrecision', 'FuseOps']"
]
}