{
"Origin": [
0.00745391845703125,
"None"
],
"Default": [
0.00479888916015625,
"['RemoveUnusedFunctions', 'ToBasicBlockNormalForm', 'Legalize', 'SimplifyInference', 'EliminateCommonSubexpr', 'CombineParallelConv2D', 'CombineParallelDense', 'CombineParallelBatchMatmul', 'FoldConstant', 'FoldScaleAxis', 'SimplifyExpr', 'CanonicalizeCast', 'CanonicalizeOps', 'FlattenAtrousConv', 'AlterOpLayout', 'SimplifyExpr', 'FastMath', 'FoldConstant', 'SplitArgs', 'FuseOps']"
],
"Greedy": [
0.00516510009765625,
"['FuseOps']"
],
"Beam": [
0.00478363037109375,
"['EliminateCommonSubexpr', 'FuseOps']"
],
"SA": [
0.004974365234375,
"['MergeCompilerRegions', 'DefuseOps', 'EliminateCommonSubexpr', 'AlterOpLayout', 'OutlineCompilerFunctionsWithExistingGlobalSymbols', 'CombineParallelConv2D', 'FakeQuantizationToInteger', 'DefuseOps', 'LambdaLift', 'ForwardFoldScaleAxis', 'EliminateCommonSubexpr', 'ToANormalForm', 'Legalize', 'CombineParallelBatchMatmul', 'DynamicToStatic', 'OutlineCompilerFunctionsWithExistingGlobalSymbols', 'FakeQuantizationToInteger', 'OutlineCompilerFunctionsWithExistingGlobalSymbols', 'ToMixedPrecision']"
],
"Transfer": [
0.00403594970703125,
"['EliminateCommonSubexpr', 'SimplifyExpr', 'ToANormalForm', 'DynamicToStatic', 'ToGraphNormalForm', 'FuseOps', 'ToMixedPrecision']"
]
}