{
  "reshape": {
    "input": [
      {
        "is_anchor": true,
        "rank_range": [
          1,
          5
        ],
        "rel_anchor": [
          "lambda x:x[-1] == 1"
        ]
      },
      {
        "is_anchor": false,
        "rank_range": [
          1,
          5
        ],
        "rel_anchor": [
          "lambda x:\"any\" if len(x) == 1 else x[0]",
          "lambda x:\"any\" if len(x) == 2 else x[1]",
          "lambda x:\"any\" if len(x) == 3 else x[2]",
          "lambda x:\"any\" if len(x) == 4 else x[3]",
          "lambda x:\"any\" if len(x) == 5 else x[4]"
        ]
      }
    ],
    "opr": []
  }
}