{
  "reshape": {
    "input": [
      {
        "is_anchor": true,
        "rank_range": [
          4,
          4
        ],
        "rel_anchor": []
      },
      {
        "is_anchor": false,
        "rank_range": [
          4,
          4
        ],
        "rel_anchor": [
          "lambda x:x[1]",
          "lambda x:x[1]",
          "lambda x:3",
          "lambda x:3"
        ]
      },
      {
        "is_anchor": false,
        "rank_range": [
          0,
          0
        ],
        "rel_anchor": []
      },
      {
        "is_anchor": false,
        "rank_range": [
          0,
          0
        ],
        "rel_anchor": []
      }
    ],
    "opr": [
      {
        "op": "nn.conv2d",
        "pos": "00",
        "attrs": {
          "channels": [
            "lambda x:x[1]"
          ]
        }
      }
    ]
  }
}