{
"Origin": [
7.115253448486328,
"None"
],
"Default": [
5.302753448486328,
"['RemoveUnusedFunctions', 'ToBasicBlockNormalForm', 'Legalize', 'SimplifyInference', 'EliminateCommonSubexpr', 'CombineParallelConv2D', 'CombineParallelDense', 'CombineParallelBatchMatmul', 'FoldConstant', 'FoldScaleAxis', 'SimplifyExpr', 'CanonicalizeCast', 'CanonicalizeOps', 'FlattenAtrousConv', 'AlterOpLayout', 'SimplifyExpr', 'FastMath', 'FoldConstant', 'SplitArgs', 'FuseOps']"
],
"Greedy": [
4.302738189697266,
"['FuseOps']"
],
"Beam": [
3.2353553771972656,
"['ToMixedPrecision', 'FuseOps']"
],
"SA": [
3.891620635986328,
"['FoldConstant', 'MergeCompilerRegions', 'BackwardFoldScaleAxis', 'CanonicalizeOps', 'FoldExplicitPadding', 'FoldExplicitPadding', 'SimplifyInference', 'ToBasicBlockNormalForm', 'ToANormalForm', 'ToMixedPrecision', 'ToBasicBlockNormalForm', 'CombineParallelBatchMatmul', 'FoldExplicitPadding', 'InferType', 'FuseOps', 'PartitionGraph', 'InferType', 'CombineParallelConv2D', 'CanonicalizeCast']"
],
"Transfer": [
2.360370635986328,
"['EliminateCommonSubexpr', 'SimplifyExpr', 'ToANormalForm', 'ToMixedPrecision', 'ToGraphNormalForm', 'FuseOps']"
]
}