{
"Origin": [
0.14635837078094482,
"None"
],
"Default": [
0.043514251708984375,
"['RemoveUnusedFunctions', 'ToBasicBlockNormalForm', 'Legalize', 'SimplifyInference', 'EliminateCommonSubexpr', 'CombineParallelConv2D', 'CombineParallelDense', 'CombineParallelBatchMatmul', 'FoldConstant', 'FoldScaleAxis', 'SimplifyExpr', 'CanonicalizeCast', 'CanonicalizeOps', 'FlattenAtrousConv', 'AlterOpLayout', 'SimplifyExpr', 'FastMath', 'FoldConstant', 'SplitArgs', 'FuseOps']"
],
"Greedy": [
0.043552398681640625,
"['SimplifyExpr', 'FuseOps']"
],
"Beam": [
0.043514251708984375,
"['EliminateCommonSubexpr', 'SimplifyExpr', 'FuseOps']"
],
"SA": [
0.043552398681640625,
"['MergeCompilerRegions', 'SimplifyInference', 'BatchingOps', 'InferType', 'BatchingOps', 'OutlineCompilerFunctionsWithExistingGlobalSymbols', 'SimplifyExpr', 'DynamicToStatic', 'FuseOps', 'CanonicalizeCast', 'AnnotateSpans', 'AlterOpLayout', 'PartitionGraph', 'ToBasicBlockNormalForm', 'OutlineCompilerFunctionsWithExistingGlobalSymbols', 'CombineParallelDense', 'PartitionGraph', 'CanonicalizeCast']"
],
"Transfer": [
0.04351043701171875,
"['ToGraphNormalForm', 'EliminateCommonSubexpr', 'SimplifyExpr', 'FuseOps']"
]
}