{
"Origin": [
0.0029296875,
"None"
],
"Default": [
0.00235748291015625,
"['RemoveUnusedFunctions', 'ToBasicBlockNormalForm', 'Legalize', 'SimplifyInference', 'EliminateCommonSubexpr', 'CombineParallelConv2D', 'CombineParallelDense', 'CombineParallelBatchMatmul', 'FoldConstant', 'FoldScaleAxis', 'SimplifyExpr', 'CanonicalizeCast', 'CanonicalizeOps', 'FlattenAtrousConv', 'AlterOpLayout', 'SimplifyExpr', 'FastMath', 'FoldConstant', 'SplitArgs', 'FuseOps']"
],
"Greedy": [
0.00228118896484375,
"['SimplifyExpr', 'FuseOps', 'ToMixedPrecision']"
],
"Beam": [
0.0020904541015625,
"['SimplifyExpr', 'ToMixedPrecision', 'FuseOps']"
],
"SA": [
0.002532958984375,
"['CanonicalizeCast', 'CombineParallelDense', 'CanonicalizeCast', 'CombineParallelDense', 'SimplifyExpr', 'FlattenAtrousConv', 'FoldScaleAxis', 'DeadCodeElimination', 'CanonicalizeCast', 'Inline', 'FakeQuantizationToInteger', 'BackwardFoldScaleAxis', 'EliminateCommonSubexpr', 'MergeCompilerRegions', 'SplitArgs', 'BatchingOps', 'FastMath', 'CanonicalizeOps']"
],
"Transfer": [
0.0020046234130859375,
"['ToANormalForm', 'ToMixedPrecision', 'SimplifyExpr', 'ToGraphNormalForm', 'ToMixedPrecision', 'FuseOps']"
]
}