{
"Origin": [
0.0009212493896484375,
"None"
],
"Default": [
0.0009212493896484375,
"['RemoveUnusedFunctions', 'ToBasicBlockNormalForm', 'Legalize', 'SimplifyInference', 'EliminateCommonSubexpr', 'CombineParallelConv2D', 'CombineParallelDense', 'CombineParallelBatchMatmul', 'FoldConstant', 'FoldScaleAxis', 'SimplifyExpr', 'CanonicalizeCast', 'CanonicalizeOps', 'FlattenAtrousConv', 'AlterOpLayout', 'SimplifyExpr', 'FastMath', 'FoldConstant', 'SplitArgs', 'FuseOps']"
],
"Greedy": [
0.000797271728515625,
"['ToMixedPrecision']"
],
"Beam": [
0.000797271728515625,
"['ToMixedPrecision']"
],
"SA": [
0.0004711151123046875,
"['SplitArgs', 'ToMixedPrecision', 'EliminateCommonSubexpr', 'AlterOpLayout', 'ForwardFoldScaleAxis', 'CombineParallelDense', 'ToANormalForm', 'DynamicToStatic', 'RemoveUnusedFunctions', 'FlattenAtrousConv', 'EliminateCommonSubexpr', 'FoldConstant', 'InferType', 'CombineParallelDense', 'ToMixedPrecision', 'DefuseOps', 'BackwardFoldScaleAxis', 'DynamicToStatic', 'FoldScaleAxis', 'MergeCompilerRegions']"
],
"Transfer": [
0.0004711151123046875,
"['ToANormalForm', 'ToMixedPrecision']"
]
}