{
"Origin": [
0.0210113525390625,
"None"
],
"Default": [
0.014171600341796875,
"['RemoveUnusedFunctions', 'ToBasicBlockNormalForm', 'Legalize', 'SimplifyInference', 'EliminateCommonSubexpr', 'CombineParallelConv2D', 'CombineParallelDense', 'CombineParallelBatchMatmul', 'FoldConstant', 'FoldScaleAxis', 'SimplifyExpr', 'CanonicalizeCast', 'CanonicalizeOps', 'FlattenAtrousConv', 'AlterOpLayout', 'SimplifyExpr', 'FastMath', 'FoldConstant', 'SplitArgs', 'FuseOps']"
],
"Greedy": [
0.016117095947265625,
"['FuseOps']"
],
"Beam": [
0.011722564697265625,
"['ToMixedPrecision', 'EliminateCommonSubexpr', 'FuseOps']"
],
"SA": [
0.010282516479492188,
"['CanonicalizeOps', 'FoldScaleAxis', 'FastMath', 'DynamicToStatic', 'SimplifyExpr', 'InferType', 'MergeCompilerRegions', 'PartitionGraph', 'RemoveUnusedFunctions', 'CanonicalizeOps', 'BatchingOps', 'ToMixedPrecision', 'ToBasicBlockNormalForm', 'CombineParallelConv2D', 'RemoveUnusedFunctions', 'DefuseOps', 'SplitArgs', 'SimplifyExpr']"
],
"Transfer": [
0.010263442993164062,
"['ToANormalForm', 'ToMixedPrecision', 'DynamicToStatic', 'ToGraphNormalForm', 'FuseOps']"
]
}