{
"Origin": [
31.217466354370117,
"None"
],
"Default": [
11.228414535522461,
"['RemoveUnusedFunctions', 'ToBasicBlockNormalForm', 'Legalize', 'SimplifyInference', 'EliminateCommonSubexpr', 'CombineParallelConv2D', 'CombineParallelDense', 'CombineParallelBatchMatmul', 'FoldConstant', 'FoldScaleAxis', 'SimplifyExpr', 'CanonicalizeCast', 'CanonicalizeOps', 'FlattenAtrousConv', 'AlterOpLayout', 'SimplifyExpr', 'FastMath', 'FoldConstant', 'SplitArgs', 'FuseOps']"
],
"Greedy": [
11.228414535522461,
"['FuseOps']"
],
"Beam": [
11.228414535522461,
"['FuseOps']"
],
"SA": [
11.228414535522461,
"['CanonicalizeCast', 'FoldConstant', 'MergeCompilerRegions', 'AnnotateSpans', 'FoldScaleAxis', 'LambdaLift', 'FoldExplicitPadding', 'FuseOps', 'PartitionGraph', 'FoldConstant', 'FuseOps', 'BackwardFoldScaleAxis', 'LambdaLift', 'DeadCodeElimination', 'BackwardFoldScaleAxis', 'Legalize', 'PartitionGraph']"
],
"Transfer": [
8.790305137634277,
"['FakeQuantizationToInteger', 'FuseOps', 'FoldScaleAxis', 'ToMixedPrecision', 'DefuseOps', 'FuseOps']"
]
}