{
"Origin": [
0.015455245971679688,
"None"
],
"Default": [
0.012853622436523438,
"['RemoveUnusedFunctions', 'ToBasicBlockNormalForm', 'Legalize', 'SimplifyInference', 'EliminateCommonSubexpr', 'CombineParallelConv2D', 'CombineParallelDense', 'CombineParallelBatchMatmul', 'FoldConstant', 'FoldScaleAxis', 'SimplifyExpr', 'CanonicalizeCast', 'CanonicalizeOps', 'FlattenAtrousConv', 'AlterOpLayout', 'SimplifyExpr', 'FastMath', 'FoldConstant', 'SplitArgs', 'FuseOps']"
],
"Greedy": [
0.008474349975585938,
"['FuseOps']"
],
"Beam": [
0.008474349975585938,
"['FuseOps']"
],
"SA": [
0.008474349975585938,
"['EliminateCommonSubexpr', 'FuseOps', 'SimplifyInference', 'BackwardFoldScaleAxis', 'MergeCompilerRegions', 'EtaExpand', 'ToANormalForm', 'CanonicalizeOps', 'CanonicalizeOps', 'Legalize', 'CanonicalizeOps', 'DynamicToStatic', 'DynamicToStatic', 'SimplifyInference', 'DynamicToStatic', 'AnnotateSpans', 'CombineParallelConv2D', 'FoldConstant', 'CombineParallelDense']"
],
"Transfer": [
0.0075130462646484375,
"['AlterOpLayout', 'FakeQuantizationToInteger', 'SimplifyExpr', 'FuseOps']"
]
}