{
"Origin": [
1.6450881958007812e-05,
"None"
],
"Default": [
1.6450881958007812e-05,
"['RemoveUnusedFunctions', 'ToBasicBlockNormalForm', 'Legalize', 'SimplifyInference', 'EliminateCommonSubexpr', 'CombineParallelConv2D', 'CombineParallelDense', 'CombineParallelBatchMatmul', 'FoldConstant', 'FoldScaleAxis', 'SimplifyExpr', 'CanonicalizeCast', 'CanonicalizeOps', 'FlattenAtrousConv', 'AlterOpLayout', 'SimplifyExpr', 'FastMath', 'FoldConstant', 'SplitArgs', 'FuseOps']"
],
"Greedy": [
1.6450881958007812e-05,
"[]"
],
"Beam": [
1.6450881958007812e-05,
"[]"
],
"SA": [
1.6450881958007812e-05,
"[]"
],
"Transfer": [
1.633167266845703e-05,
"['PartialEvaluate', 'FuseOps', 'ToANormalForm']"
]
}