{
"Origin": [
1.9073486328125e-05,
"None"
],
"Default": [
1.9073486328125e-05,
"['RemoveUnusedFunctions', 'ToBasicBlockNormalForm', 'Legalize', 'SimplifyInference', 'EliminateCommonSubexpr', 'CombineParallelConv2D', 'CombineParallelDense', 'CombineParallelBatchMatmul', 'FoldConstant', 'FoldScaleAxis', 'SimplifyExpr', 'CanonicalizeCast', 'CanonicalizeOps', 'FlattenAtrousConv', 'AlterOpLayout', 'SimplifyExpr', 'FastMath', 'FoldConstant', 'SplitArgs', 'FuseOps']"
],
"Greedy": [
1.1444091796875e-05,
"['ToMixedPrecision']"
],
"Beam": [
1.1444091796875e-05,
"['ToMixedPrecision']"
],
"SA": [
1.1444091796875e-05,
"['ToGraphNormalForm', 'BatchingOps', 'AlterOpLayout', 'DynamicToStatic', 'CanonicalizeCast', 'PartitionGraph', 'EtaExpand', 'InferType', 'SimplifyExpr', 'CombineParallelDense', 'AlterOpLayout', 'Legalize', 'SimplifyExpr', 'DeadCodeElimination', 'DynamicToStatic', 'CombineParallelDense', 'ToMixedPrecision', 'FoldScaleAxis']"
],
"Transfer": [
1.1444091796875e-05,
"['ToMixedPrecision']"
]
}