{
  "reshape": {
    "input": [
      {
        "is_anchor": true,
        "rank_range": [
          1,
          5
        ],
        "rel_anchor": []
      },
      {
        "is_anchor": false,
        "rank_range": [
          1,
          5
        ],
        "rel_anchor": [
          "lambda x:\"any\"",
          "lambda x:\"any\" if x[0] % 5 < 4 else None",
          "lambda x:\"any\" if x[0] % 5 < 3 else None",
          "lambda x:\"any\" if x[0] % 5 < 2 else None",
          "lambda x:\"any\" if x[0] % 5 < 1 else None"
        ]
      }
    ],
    "opr": []
  }
}