{
"Origin": [
3.1836395263671875,
"None"
],
"Default": [
1.5742225646972656,
"['RemoveUnusedFunctions', 'ToBasicBlockNormalForm', 'Legalize', 'SimplifyInference', 'EliminateCommonSubexpr', 'CombineParallelConv2D', 'CombineParallelDense', 'CombineParallelBatchMatmul', 'FoldConstant', 'FoldScaleAxis', 'SimplifyExpr', 'CanonicalizeCast', 'CanonicalizeOps', 'FlattenAtrousConv', 'AlterOpLayout', 'SimplifyExpr', 'FastMath', 'FoldConstant', 'SplitArgs', 'FuseOps']"
],
"Greedy": [
1.3183631896972656,
"['FuseOps', 'ToMixedPrecision']"
],
"Beam": [
0.8554725646972656,
"['ToMixedPrecision', 'FuseOps']"
],
"SA": [
0.8554725646972656,
"['ToMixedPrecision', 'FlattenAtrousConv', 'EtaExpand', 'LambdaLift', 'CombineParallelBatchMatmul', 'ToGraphNormalForm', 'CombineParallelConv2D', 'DeadCodeElimination', 'CombineParallelBatchMatmul', 'CombineParallelDense', 'CombineParallelConv2D', 'SimplifyInference', 'AlterOpLayout', 'ToGraphNormalForm', 'EtaExpand', 'RemoveUnusedFunctions', 'FuseOps', 'FuseOps']"
],
"Transfer": [
0.7929782867431641,
"['ToMixedPrecision', 'EliminateCommonSubexpr', 'FuseOps']"
]
}