{
"Origin": [
0.04016304016113281,
"None"
],
"Default": [
0.024402618408203125,
"['RemoveUnusedFunctions', 'ToBasicBlockNormalForm', 'Legalize', 'SimplifyInference', 'EliminateCommonSubexpr', 'CombineParallelConv2D', 'CombineParallelDense', 'CombineParallelBatchMatmul', 'FoldConstant', 'FoldScaleAxis', 'SimplifyExpr', 'CanonicalizeCast', 'CanonicalizeOps', 'FlattenAtrousConv', 'AlterOpLayout', 'SimplifyExpr', 'FastMath', 'FoldConstant', 'SplitArgs', 'FuseOps']"
],
"Greedy": [
0.018871307373046875,
"['FuseOps']"
],
"Beam": [
0.01800537109375,
"['SimplifyExpr', 'FuseOps']"
],
"SA": [
0.018871307373046875,
"['EliminateCommonSubexpr', 'Inline', 'FuseOps', 'InferType', 'CombineParallelConv2D', 'FoldExplicitPadding', 'FoldExplicitPadding', 'BatchingOps', 'OutlineCompilerFunctionsWithExistingGlobalSymbols', 'SimplifyExpr', 'RemoveUnusedFunctions', 'CanonicalizeOps', 'ForwardFoldScaleAxis', 'FoldExplicitPadding', 'FuseOps', 'SplitArgs']"
],
"Transfer": [
0.017803192138671875,
"['SimplifyExpr', 'ToANormalForm', 'PartialEvaluate', 'ToGraphNormalForm', 'EliminateCommonSubexpr', 'FoldConstant', 'FuseOps']"
]
}