{
"Origin": [
10.802791714668274,
"None"
],
"Default": [
7.186546444892883,
"['RemoveUnusedFunctions', 'ToBasicBlockNormalForm', 'Legalize', 'SimplifyInference', 'EliminateCommonSubexpr', 'CombineParallelConv2D', 'CombineParallelDense', 'CombineParallelBatchMatmul', 'FoldConstant', 'FoldScaleAxis', 'SimplifyExpr', 'CanonicalizeCast', 'CanonicalizeOps', 'FlattenAtrousConv', 'AlterOpLayout', 'SimplifyExpr', 'FastMath', 'FoldConstant', 'SplitArgs', 'FuseOps']"
],
"Greedy": [
5.646522641181946,
"['FuseOps']"
],
"Beam": [
3.7383042573928833,
"['SimplifyExpr', 'ToMixedPrecision', 'FuseOps']"
],
"SA": [
5.646522641181946,
"['CombineParallelBatchMatmul', 'FoldExplicitPadding', 'ForwardFoldScaleAxis', 'FlattenAtrousConv', 'CombineParallelConv2D', 'DynamicToStatic', 'FuseOps', 'FlattenAtrousConv', 'CanonicalizeCast', 'InferType', 'FakeQuantizationToInteger', 'ToBasicBlockNormalForm', 'AlterOpLayout', 'PartitionGraph', 'Legalize', 'ToANormalForm']"
],
"Transfer": [
3.66800320148468,
"['ToMixedPrecision', 'EliminateCommonSubexpr', 'SimplifyExpr', 'DynamicToStatic', 'DynamicToStatic', 'FuseOps']"
]
}