{
"Origin": [
8.421875,
"None"
],
"Default": [
8.421875,
"['RemoveUnusedFunctions', 'ToBasicBlockNormalForm', 'Legalize', 'SimplifyInference', 'EliminateCommonSubexpr', 'CombineParallelConv2D', 'CombineParallelDense', 'CombineParallelBatchMatmul', 'FoldConstant', 'FoldScaleAxis', 'SimplifyExpr', 'CanonicalizeCast', 'CanonicalizeOps', 'FlattenAtrousConv', 'AlterOpLayout', 'SimplifyExpr', 'FastMath', 'FoldConstant', 'SplitArgs', 'FuseOps']"
],
"Greedy": [
4.9765625,
"['ToMixedPrecision']"
],
"Beam": [
4.9765625,
"['ToMixedPrecision']"
],
"SA": [
4.2109375,
"['Legalize', 'FoldScaleAxis', 'FastMath', 'ForwardFoldScaleAxis', 'MarkCompilerFunctionsAsExtern', 'CanonicalizeOps', 'FlattenAtrousConv', 'BatchingOps', 'LambdaLift', 'FlattenAtrousConv', 'SplitArgs', 'ForwardFoldScaleAxis', 'SplitArgs', 'CombineParallelConv2D', 'FoldConstant', 'ForwardFoldScaleAxis', 'DeadCodeElimination', 'DefuseOps', 'PartitionGraph', 'ToMixedPrecision']"
],
"Transfer": [
4.2109375,
"['ToANormalForm', 'ToMixedPrecision', 'FuseOps']"
]
}