{
  "reshape": {
    "input": [
      {
        "is_anchor": true,
        "rank_range": [
          1,
          5
        ],
        "rel_anchor": [
          "lambda x:len([elem for elem in x if elem > 1]) > 0"
        ]
      },
      {
        "is_anchor": false,
        "rank_range": [
          1,
          1
        ],
        "rel_anchor": [
          "lambda x:\"any\""
        ]
      }
    ],
    "opr": [
      {
        "op": "strided_slice",
        "pos": "000",
        "attrs": {
          "begin": [
            "lambda x:0 if len([elem for elem in x if elem > 1]) >= 1 else None",
            "lambda x:0 if len([elem for elem in x if elem > 1]) >= 2 else None",
            "lambda x:0 if len([elem for elem in x if elem > 1]) >= 3 else None",
            "lambda x:0 if len([elem for elem in x if elem > 1]) >= 4 else None",
            "lambda x:0 if len([elem for elem in x if elem > 1]) >= 5 else None"
          ],
          "end": [
            "lambda x:[elem for elem in x if elem > 1][0] if len([elem for elem in x if elem > 1]) >= 1 else None",
            "lambda x:[elem for elem in x if elem > 1][1] if len([elem for elem in x if elem > 1]) >= 2 else None",
            "lambda x:[elem for elem in x if elem > 1][2] if len([elem for elem in x if elem > 1]) >= 3 else None",
            "lambda x:[elem for elem in x if elem > 1][3] if len([elem for elem in x if elem > 1]) >= 4 else None",
            "lambda x:[elem for elem in x if elem > 1][4] if len([elem for elem in x if elem > 1]) >= 5 else None"
          ],
          "strides": [
            "lambda x:1 if len([elem for elem in x if elem > 1]) >= 1 else None",
            "lambda x:1 if len([elem for elem in x if elem > 1]) >= 2 else None",
            "lambda x:1 if len([elem for elem in x if elem > 1]) >= 3 else None",
            "lambda x:1 if len([elem for elem in x if elem > 1]) >= 4 else None",
            "lambda x:1 if len([elem for elem in x if elem > 1]) >= 5 else None"
          ]
        }
      }
    ]
  }
}