{
"Origin": [
0.02495574951171875,
"None"
],
"Default": [
0.017559051513671875,
"['RemoveUnusedFunctions', 'ToBasicBlockNormalForm', 'Legalize', 'SimplifyInference', 'EliminateCommonSubexpr', 'CombineParallelConv2D', 'CombineParallelDense', 'CombineParallelBatchMatmul', 'FoldConstant', 'FoldScaleAxis', 'SimplifyExpr', 'CanonicalizeCast', 'CanonicalizeOps', 'FlattenAtrousConv', 'AlterOpLayout', 'SimplifyExpr', 'FastMath', 'FoldConstant', 'SplitArgs', 'FuseOps']"
],
"Greedy": [
0.01732635498046875,
"['FuseOps', 'DeadCodeElimination']"
],
"Beam": [
0.01396942138671875,
"['ToMixedPrecision', 'FuseOps', 'DeadCodeElimination']"
],
"SA": [
0.01602935791015625,
"['FlattenAtrousConv', 'FuseOps', 'DefuseOps', 'DeadCodeElimination', 'ToGraphNormalForm', 'FuseOps', 'SplitArgs', 'FoldExplicitPadding', 'FakeQuantizationToInteger', 'EtaExpand', 'CanonicalizeOps', 'FastMath', 'CanonicalizeOps', 'DefuseOps', 'BackwardFoldScaleAxis', 'CombineParallelBatchMatmul', 'SimplifyExpr', 'ForwardFoldScaleAxis']"
],
"Transfer": [
0.0137786865234375,
"['ToANormalForm', 'EliminateCommonSubexpr', 'ToMixedPrecision', 'DeadCodeElimination', 'ToANormalForm', 'ToGraphNormalForm', 'FuseOps']"
]
}