{
  "reshape": {
    "input": [
      {
        "is_anchor": true,
        "rank_range": [
          4,
          4
        ],
        "rel_anchor": []
      },
      {
        "is_anchor": false,
        "rank_range": [
          4,
          4
        ],
        "rel_anchor": [
          "lambda x:\"any\"",
          "lambda x:x[1]",
          "lambda x:1",
          "lambda x:1"
        ]
      },
      {
        "is_anchor": false,
        "rank_range": [
          4,
          4
        ],
        "rel_anchor": [
          "lambda x:\"any\"",
          "lambda x:x[1]",
          "lambda x:1",
          "lambda x:1"
        ]
      },
      {
        "is_anchor": false,
        "rank_range": [
          4,
          4
        ],
        "rel_anchor": [
          "lambda x:\"any\"",
          "lambda x:x[1]",
          "lambda x:\"any\"",
          "lambda x:\"any\""
        ]
      },
      {
        "is_anchor": false,
        "rank_range": [
          4,
          4
        ],
        "rel_anchor": [
          "lambda x:\"any\"",
          "lambda x:x[1]",
          "lambda x:1",
          "lambda x:1"
        ]
      }
    ],
    "opr": []
  }
}