{
"Origin": [
41.157142639160156,
"None"
],
"Default": [
24.814800262451172,
"['RemoveUnusedFunctions', 'ToBasicBlockNormalForm', 'Legalize', 'SimplifyInference', 'EliminateCommonSubexpr', 'CombineParallelConv2D', 'CombineParallelDense', 'CombineParallelBatchMatmul', 'FoldConstant', 'FoldScaleAxis', 'SimplifyExpr', 'CanonicalizeCast', 'CanonicalizeOps', 'FlattenAtrousConv', 'AlterOpLayout', 'SimplifyExpr', 'FastMath', 'FoldConstant', 'SplitArgs', 'FuseOps']"
],
"Greedy": [
19.072376251220703,
"['FuseOps', 'DeadCodeElimination']"
],
"Beam": [
17.923938751220703,
"['EliminateCommonSubexpr', 'FuseOps', 'DeadCodeElimination']"
],
"SA": [
19.072406768798828,
"['PartitionGraph', 'SimplifyExpr', 'Legalize', 'ToBasicBlockNormalForm', 'RemoveUnusedFunctions', 'ToGraphNormalForm', 'FoldConstant', 'FastMath', 'MergeCompilerRegions', 'SimplifyExpr', 'CombineParallelDense', 'FuseOps', 'FlattenAtrousConv', 'ToBasicBlockNormalForm', 'LambdaLift', 'Inline', 'FoldScaleAxis']"
],
"Transfer": [
17.349720001220703,
"['EliminateCommonSubexpr', 'DeadCodeElimination', 'ToGraphNormalForm', 'FuseOps']"
]
}