{
"Origin": [
0.00099945068359375,
"None"
],
"Default": [
0.0009746551513671875,
"['RemoveUnusedFunctions', 'ToBasicBlockNormalForm', 'Legalize', 'SimplifyInference', 'EliminateCommonSubexpr', 'CombineParallelConv2D', 'CombineParallelDense', 'CombineParallelBatchMatmul', 'FoldConstant', 'FoldScaleAxis', 'SimplifyExpr', 'CanonicalizeCast', 'CanonicalizeOps', 'FlattenAtrousConv', 'AlterOpLayout', 'SimplifyExpr', 'FastMath', 'FoldConstant', 'SplitArgs', 'FuseOps']"
],
"Greedy": [
0.0008563995361328125,
"['ToMixedPrecision', 'FuseOps']"
],
"Beam": [
0.000545501708984375,
"['FuseOps', 'ToMixedPrecision']"
],
"SA": [
0.000522613525390625,
"['FoldExplicitPadding', 'FastMath', 'ToANormalForm', 'CanonicalizeCast', 'ToMixedPrecision', 'EtaExpand', 'ToANormalForm', 'InferType', 'CombineParallelDense', 'ToGraphNormalForm', 'CombineParallelConv2D', 'FoldScaleAxis', 'ToMixedPrecision', 'Inline', 'FoldExplicitPadding', 'SimplifyExpr', 'BatchingOps', 'FuseOps', 'AlterOpLayout', 'FakeQuantizationToInteger']"
],
"Transfer": [
0.0005168914794921875,
"['ToANormalForm', 'SimplifyExpr', 'ToMixedPrecision', 'ToGraphNormalForm', 'FuseOps']"
]
}