{
"Origin": [
15.593402862548828,
"None"
],
"Default": [
7.8063201904296875,
"['RemoveUnusedFunctions', 'ToBasicBlockNormalForm', 'Legalize', 'SimplifyInference', 'EliminateCommonSubexpr', 'CombineParallelConv2D', 'CombineParallelDense', 'CombineParallelBatchMatmul', 'FoldConstant', 'FoldScaleAxis', 'SimplifyExpr', 'CanonicalizeCast', 'CanonicalizeOps', 'FlattenAtrousConv', 'AlterOpLayout', 'SimplifyExpr', 'FastMath', 'FoldConstant', 'SplitArgs', 'FuseOps']"
],
"Greedy": [
8.061813354492188,
"['FuseOps']"
],
"Beam": [
8.061813354492188,
"['FuseOps']"
],
"SA": [
7.4875946044921875,
"['FlattenAtrousConv', 'MarkCompilerFunctionsAsExtern', 'EliminateCommonSubexpr', 'CanonicalizeOps', 'ForwardFoldScaleAxis', 'RemoveUnusedFunctions', 'OutlineCompilerFunctionsWithExistingGlobalSymbols', 'CanonicalizeCast', 'FoldScaleAxis', 'ToGraphNormalForm', 'BatchingOps', 'BatchingOps', 'CombineParallelBatchMatmul', 'FuseOps', 'CombineParallelConv2D', 'CombineParallelDense']"
],
"Transfer": [
6.9116668701171875,
"['SimplifyInference', 'ToGraphNormalForm', 'EliminateCommonSubexpr', 'FuseOps']"
]
}