{
"Origin": [
0.0108795166015625,
"None"
],
"Default": [
0.0202178955078125,
"['RemoveUnusedFunctions', 'ToBasicBlockNormalForm', 'Legalize', 'SimplifyInference', 'EliminateCommonSubexpr', 'CombineParallelConv2D', 'CombineParallelDense', 'CombineParallelBatchMatmul', 'FoldConstant', 'FoldScaleAxis', 'SimplifyExpr', 'CanonicalizeCast', 'CanonicalizeOps', 'FlattenAtrousConv', 'AlterOpLayout', 'SimplifyExpr', 'FastMath', 'FoldConstant', 'SplitArgs', 'FuseOps']"
],
"Greedy": [
0.01068878173828125,
"['ToMixedPrecision']"
],
"Beam": [
0.01068878173828125,
"['ToMixedPrecision']"
],
"SA": [
0.01068878173828125,
"['Legalize', 'FoldExplicitPadding', 'ToGraphNormalForm', 'DefuseOps', 'SimplifyInference', 'SimplifyInference', 'FoldExplicitPadding', 'CombineParallelDense', 'DynamicToStatic', 'BatchingOps', 'ToMixedPrecision', 'FakeQuantizationToInteger', 'ToANormalForm', 'FoldConstant', 'InferType', 'EliminateCommonSubexpr', 'FoldConstant', 'ToBasicBlockNormalForm', 'PartitionGraph']"
],
"Transfer": [
0.0064849853515625,
"['SplitArgs', 'SimplifyExpr', 'ToANormalForm', 'ToMixedPrecision', 'FuseOps']"
]
}