{
"Origin": [
0.00311279296875,
"None"
],
"Default": [
0.0058746337890625,
"['RemoveUnusedFunctions', 'ToBasicBlockNormalForm', 'Legalize', 'SimplifyInference', 'EliminateCommonSubexpr', 'CombineParallelConv2D', 'CombineParallelDense', 'CombineParallelBatchMatmul', 'FoldConstant', 'FoldScaleAxis', 'SimplifyExpr', 'CanonicalizeCast', 'CanonicalizeOps', 'FlattenAtrousConv', 'AlterOpLayout', 'SimplifyExpr', 'FastMath', 'FoldConstant', 'SplitArgs', 'FuseOps']"
],
"Greedy": [
0.00305938720703125,
"['ToMixedPrecision']"
],
"Beam": [
0.00305938720703125,
"['ToMixedPrecision']"
],
"SA": [
0.00305938720703125,
"['MergeCompilerRegions', 'AnnotateSpans', 'BackwardFoldScaleAxis', 'CanonicalizeOps', 'CombineParallelBatchMatmul', 'ToMixedPrecision', 'BackwardFoldScaleAxis', 'MergeCompilerRegions', 'ForwardFoldScaleAxis', 'CombineParallelBatchMatmul', 'ToANormalForm', 'BatchingOps', 'InferType', 'ToANormalForm', 'FuseOps', 'LambdaLift', 'Inline', 'BatchingOps']"
],
"Transfer": [
0.00283050537109375,
"['ToANormalForm', 'ToMixedPrecision', 'FuseOps']"
]
}