{
"Origin": [
0.570404052734375,
"None"
],
"Default": [
0.2578773498535156,
"['RemoveUnusedFunctions', 'ToBasicBlockNormalForm', 'Legalize', 'SimplifyInference', 'EliminateCommonSubexpr', 'CombineParallelConv2D', 'CombineParallelDense', 'CombineParallelBatchMatmul', 'FoldConstant', 'FoldScaleAxis', 'SimplifyExpr', 'CanonicalizeCast', 'CanonicalizeOps', 'FlattenAtrousConv', 'AlterOpLayout', 'SimplifyExpr', 'FastMath', 'FoldConstant', 'SplitArgs', 'FuseOps']"
],
"Greedy": [
0.2519874572753906,
"['FuseOps', 'ToMixedPrecision']"
],
"Beam": [
0.21686172485351562,
"['ToMixedPrecision', 'FuseOps']"
],
"SA": [
0.1777820587158203,
"['SplitArgs', 'SimplifyInference', 'ToANormalForm', 'FoldExplicitPadding', 'ForwardFoldScaleAxis', 'ToMixedPrecision', 'PartitionGraph', 'EtaExpand', 'DeadCodeElimination', 'FastMath', 'FlattenAtrousConv', 'ToGraphNormalForm', 'CombineParallelConv2D', 'ToMixedPrecision', 'InferType', 'FoldConstant', 'FuseOps', 'FastMath', 'FoldConstant', 'LambdaLift']"
],
"Transfer": [
0.20123863220214844,
"['EliminateCommonSubexpr', 'ToMixedPrecision', 'SimplifyExpr', 'FuseOps']"
]
}