{
"Origin": [
292.34205627441406,
"None"
],
"Default": [
302.99145889282227,
"['RemoveUnusedFunctions', 'ToBasicBlockNormalForm', 'Legalize', 'SimplifyInference', 'EliminateCommonSubexpr', 'CombineParallelConv2D', 'CombineParallelDense', 'CombineParallelBatchMatmul', 'FoldConstant', 'FoldScaleAxis', 'SimplifyExpr', 'CanonicalizeCast', 'CanonicalizeOps', 'FlattenAtrousConv', 'AlterOpLayout', 'SimplifyExpr', 'FastMath', 'FoldConstant', 'SplitArgs', 'FuseOps']"
],
"Greedy": [
234.08520889282227,
"['FuseOps']"
],
"Beam": [
234.08520889282227,
"['FuseOps']"
],
"SA": [
234.08520889282227,
"['FakeQuantizationToInteger', 'LambdaLift', 'FuseOps', 'FastMath', 'EliminateCommonSubexpr', 'FoldExplicitPadding', 'MergeCompilerRegions', 'FastMath', 'AlterOpLayout', 'FoldConstant', 'FlattenAtrousConv', 'BackwardFoldScaleAxis', 'ForwardFoldScaleAxis', 'CombineParallelDense', 'FoldConstant', 'LambdaLift', 'CombineParallelDense', 'FastMath', 'AnnotateSpans']"
],
"Transfer": [
204.04237365722656,
"['SimplifyExpr', 'ToANormalForm', 'ToMixedPrecision', 'FuseOps']"
]
}