{
"Origin": [
14.213661193847656,
"None"
],
"Default": [
8.327049255371094,
"['RemoveUnusedFunctions', 'ToBasicBlockNormalForm', 'Legalize', 'SimplifyInference', 'EliminateCommonSubexpr', 'CombineParallelConv2D', 'CombineParallelDense', 'CombineParallelBatchMatmul', 'FoldConstant', 'FoldScaleAxis', 'SimplifyExpr', 'CanonicalizeCast', 'CanonicalizeOps', 'FlattenAtrousConv', 'AlterOpLayout', 'SimplifyExpr', 'FastMath', 'FoldConstant', 'SplitArgs', 'FuseOps']"
],
"Greedy": [
9.045658111572266,
"['FuseOps']"
],
"Beam": [
8.327884674072266,
"['EliminateCommonSubexpr', 'FuseOps']"
],
"SA": [
8.327049255371094,
"['CombineParallelDense', 'AlterOpLayout', 'EliminateCommonSubexpr', 'CombineParallelBatchMatmul', 'RemoveUnusedFunctions', 'LambdaLift', 'SplitArgs', 'FastMath', 'InferType', 'LambdaLift', 'SplitArgs', 'CombineParallelBatchMatmul', 'SimplifyExpr', 'AnnotateSpans', 'ForwardFoldScaleAxis', 'FlattenAtrousConv', 'SplitArgs', 'RemoveUnusedFunctions', 'FuseOps']"
],
"Transfer": [
7.753665924072266,
"['FakeQuantizationToInteger', 'EliminateCommonSubexpr', 'FuseOps']"
]
}