{
  "reshape": {
    "input": [
      {
        "is_anchor": true,
        "rank_range": [
          4,
          5
        ],
        "rel_anchor": []
      },
      {
        "is_anchor": false,
        "rank_range": [
          4,
          5
        ],
        "rel_anchor": [
          "lambda x:x[0]",
          "lambda x:x[1]",
          "lambda x:x[2]",
          "lambda x:\"any\"",
          "lambda x:x[4]"
        ]
      },
      {
        "is_anchor": false,
        "rank_range": [
          4,
          5
        ],
        "rel_anchor": [
          "lambda x:x[0]",
          "lambda x:x[1]",
          "lambda x:x[2]",
          "lambda x:\"any\"",
          "lambda x:x[4]"
        ]
      }
    ],
    "opr": []
  }
}