{
"Origin": [
0.029682159423828125,
"None"
],
"Default": [
0.0193328857421875,
"['RemoveUnusedFunctions', 'ToBasicBlockNormalForm', 'Legalize', 'SimplifyInference', 'EliminateCommonSubexpr', 'CombineParallelConv2D', 'CombineParallelDense', 'CombineParallelBatchMatmul', 'FoldConstant', 'FoldScaleAxis', 'SimplifyExpr', 'CanonicalizeCast', 'CanonicalizeOps', 'FlattenAtrousConv', 'AlterOpLayout', 'SimplifyExpr', 'FastMath', 'FoldConstant', 'SplitArgs', 'FuseOps']"
],
"Greedy": [
0.01535797119140625,
"['FuseOps']"
],
"Beam": [
0.01255035400390625,
"['ToMixedPrecision', 'FuseOps']"
],
"SA": [
0.01535797119140625,
"['MergeCompilerRegions', 'PartitionGraph', 'ToBasicBlockNormalForm', 'CombineParallelConv2D', 'CanonicalizeOps', 'FuseOps', 'SimplifyInference', 'RemoveUnusedFunctions', 'SimplifyExpr', 'RemoveUnusedFunctions', 'Inline', 'CombineParallelDense', 'LambdaLift', 'SimplifyExpr', 'PartitionGraph', 'BatchingOps', 'BackwardFoldScaleAxis', 'CombineParallelDense', 'FoldExplicitPadding', 'ToANormalForm']"
],
"Transfer": [
0.012445449829101562,
"['ToMixedPrecision', 'EliminateCommonSubexpr', 'ToANormalForm', 'ToGraphNormalForm', 'FuseOps']"
]
}