{
"Origin": [
1.4282455444335938,
"None"
],
"Default": [
1.4271392822265625,
"['RemoveUnusedFunctions', 'ToBasicBlockNormalForm', 'Legalize', 'SimplifyInference', 'EliminateCommonSubexpr', 'CombineParallelConv2D', 'CombineParallelDense', 'CombineParallelBatchMatmul', 'FoldConstant', 'FoldScaleAxis', 'SimplifyExpr', 'CanonicalizeCast', 'CanonicalizeOps', 'FlattenAtrousConv', 'AlterOpLayout', 'SimplifyExpr', 'FastMath', 'FoldConstant', 'SplitArgs', 'FuseOps']"
],
"Greedy": [
1.4273681640625,
"['FuseOps']"
],
"Beam": [
1.4271392822265625,
"['SimplifyExpr', 'FuseOps']"
],
"SA": [
1.4271392822265625,
"['Inline', 'CombineParallelDense', 'Inline', 'CanonicalizeCast', 'FastMath', 'ToANormalForm', 'FakeQuantizationToInteger', 'BackwardFoldScaleAxis', 'Legalize', 'SplitArgs', 'FoldConstant', 'ToGraphNormalForm', 'FlattenAtrousConv', 'SplitArgs', 'CanonicalizeOps', 'EliminateCommonSubexpr', 'FuseOps', 'CombineParallelConv2D', 'BackwardFoldScaleAxis']"
],
"Transfer": [
1.426910400390625,
"['ToANormalForm', 'ToGraphNormalForm', 'SimplifyExpr', 'FuseOps']"
]
}