{
"Origin": [
0.00058746337890625,
"None"
],
"Default": [
0.000270843505859375,
"['RemoveUnusedFunctions', 'ToBasicBlockNormalForm', 'Legalize', 'SimplifyInference', 'EliminateCommonSubexpr', 'CombineParallelConv2D', 'CombineParallelDense', 'CombineParallelBatchMatmul', 'FoldConstant', 'FoldScaleAxis', 'SimplifyExpr', 'CanonicalizeCast', 'CanonicalizeOps', 'FlattenAtrousConv', 'AlterOpLayout', 'SimplifyExpr', 'FastMath', 'FoldConstant', 'SplitArgs', 'FuseOps']"
],
"Greedy": [
0.000270843505859375,
"['FuseOps', 'ToMixedPrecision']"
],
"Beam": [
0.000209808349609375,
"['ToMixedPrecision', 'EliminateCommonSubexpr', 'FuseOps']"
],
"SA": [
0.000240325927734375,
"['OutlineCompilerFunctionsWithExistingGlobalSymbols', 'AlterOpLayout', 'Legalize', 'CombineParallelConv2D', 'FoldExplicitPadding', 'BackwardFoldScaleAxis', 'EtaExpand', 'FoldScaleAxis', 'ToMixedPrecision', 'FuseOps', 'SimplifyInference', 'FlattenAtrousConv', 'MergeCompilerRegions', 'Inline', 'SimplifyExpr', 'SimplifyExpr', 'PartitionGraph', 'SimplifyExpr', 'CombineParallelBatchMatmul']"
],
"Transfer": [
0.0001811981201171875,
"['EliminateCommonSubexpr', 'ToMixedPrecision', 'SimplifyExpr', 'FuseOps']"
]
}