{
  "reshape": {
    "input": [
      {
        "is_anchor": true,
        "rank_range": [
          2,
          2
        ],
        "rel_anchor": []
      },
      {
        "is_anchor": false,
        "rank_range": [
          2,
          2
        ],
        "rel_anchor": [
          "lambda x:x[0] + 2",
          "lambda x:x[1]"
        ]
      },
      {
        "is_anchor": false,
        "rank_range": [
          1,
          1
        ],
        "rel_anchor": [
          "lambda x:x[0] + 2"
        ]
      },
      {
        "is_anchor": false,
        "rank_range": [
          1,
          1
        ],
        "rel_anchor": [
          "lambda x:1"
        ]
      },
      {
        "is_anchor": false,
        "rank_range": [
          2,
          2
        ],
        "rel_anchor": [
          "lambda x:2*(x[0]+2)",
          "lambda x:x[1]"
        ]
      },
      {
        "is_anchor": false,
        "rank_range": [
          1,
          1
        ],
        "rel_anchor": [
          "lambda x:2*(x[0]+2)"
        ]
      },
      {
        "is_anchor": false,
        "rank_range": [
          1,
          1
        ],
        "rel_anchor": [
          "lambda x:1"
        ]
      }
    ],
    "opr": [
      {
        "op": "reshape",
        "pos": "00000",
        "attrs": {
          "newshape": [
            "lambda x:1",
            "lambda x:1",
            "lambda x:x[0]*(x[0]+2)"
          ]
        }
      },
      {
        "op": "reshape",
        "pos": "40000",
        "attrs": {
          "newshape": [
            "lambda x:1",
            "lambda x:1",
            "lambda x:2*x[0]*(x[0]+2)"
          ]
        }
      }
    ]
  }
}