{
"Origin": [
0.06295013427734375,
"None"
],
"Default": [
0.04094696044921875,
"['RemoveUnusedFunctions', 'ToBasicBlockNormalForm', 'Legalize', 'SimplifyInference', 'EliminateCommonSubexpr', 'CombineParallelConv2D', 'CombineParallelDense', 'CombineParallelBatchMatmul', 'FoldConstant', 'FoldScaleAxis', 'SimplifyExpr', 'CanonicalizeCast', 'CanonicalizeOps', 'FlattenAtrousConv', 'AlterOpLayout', 'SimplifyExpr', 'FastMath', 'FoldConstant', 'SplitArgs', 'FuseOps']"
],
"Greedy": [
0.04186248779296875,
"['FuseOps']"
],
"Beam": [
0.032932281494140625,
"['ToMixedPrecision', 'FuseOps']"
],
"SA": [
0.032932281494140625,
"['FoldScaleAxis', 'ToMixedPrecision', 'FuseOps', 'SimplifyInference', 'FlattenAtrousConv', 'MergeCompilerRegions', 'Inline', 'SimplifyExpr', 'SimplifyExpr', 'PartitionGraph', 'SimplifyExpr', 'CombineParallelBatchMatmul', 'CanonicalizeCast', 'LambdaLift', 'SplitArgs', 'DeadCodeElimination', 'SplitArgs', 'FastMath', 'Inline']"
],
"Transfer": [
0.032016754150390625,
"['ToGraphNormalForm', 'EliminateCommonSubexpr', 'ToMixedPrecision', 'FuseOps']"
]
}