{
"Origin": [
10.361740112304688,
"None"
],
"Default": [
5.11163330078125,
"['RemoveUnusedFunctions', 'ToBasicBlockNormalForm', 'Legalize', 'SimplifyInference', 'EliminateCommonSubexpr', 'CombineParallelConv2D', 'CombineParallelDense', 'CombineParallelBatchMatmul', 'FoldConstant', 'FoldScaleAxis', 'SimplifyExpr', 'CanonicalizeCast', 'CanonicalizeOps', 'FlattenAtrousConv', 'AlterOpLayout', 'SimplifyExpr', 'FastMath', 'FoldConstant', 'SplitArgs', 'FuseOps']"
],
"Greedy": [
5.262901306152344,
"['FuseOps']"
],
"Beam": [
4.393882751464844,
"['SimplifyExpr', 'FuseOps']"
],
"SA": [
4.393882751464844,
"['InferType', 'FoldExplicitPadding', 'SimplifyExpr', 'SimplifyExpr', 'Inline', 'FoldScaleAxis', 'RemoveUnusedFunctions', 'ForwardFoldScaleAxis', 'FastMath', 'FuseOps', 'SimplifyExpr', 'OutlineCompilerFunctionsWithExistingGlobalSymbols', 'BatchingOps', 'SimplifyExpr', 'FuseOps', 'ToANormalForm', 'MergeCompilerRegions']"
],
"Transfer": [
4.31951904296875,
"['SimplifyInference', 'SimplifyExpr', 'FuseOps']"
]
}