{
"Origin": [
0.014636993408203125,
"None"
],
"Default": [
0.02736663818359375,
"['RemoveUnusedFunctions', 'ToBasicBlockNormalForm', 'Legalize', 'SimplifyInference', 'EliminateCommonSubexpr', 'CombineParallelConv2D', 'CombineParallelDense', 'CombineParallelBatchMatmul', 'FoldConstant', 'FoldScaleAxis', 'SimplifyExpr', 'CanonicalizeCast', 'CanonicalizeOps', 'FlattenAtrousConv', 'AlterOpLayout', 'SimplifyExpr', 'FastMath', 'FoldConstant', 'SplitArgs', 'FuseOps']"
],
"Greedy": [
0.00876617431640625,
"['ToMixedPrecision', 'FuseOps']"
],
"Beam": [
0.008129119873046875,
"['FuseOps', 'ToMixedPrecision']"
],
"SA": [
0.008808135986328125,
"['CanonicalizeCast', 'CanonicalizeCast', 'FakeQuantizationToInteger', 'Inline', 'FakeQuantizationToInteger', 'DeadCodeElimination', 'ForwardFoldScaleAxis', 'SimplifyExpr', 'ToBasicBlockNormalForm', 'ToMixedPrecision', 'LambdaLift', 'DefuseOps', 'EliminateCommonSubexpr', 'ForwardFoldScaleAxis', 'RemoveUnusedFunctions', 'CanonicalizeOps', 'MergeCompilerRegions', 'CombineParallelDense', 'ToANormalForm', 'DeadCodeElimination']"
],
"Transfer": [
0.008113861083984375,
"['SimplifyExpr', 'FuseOps', 'CombineParallelBatchMatmul', 'ToMixedPrecision']"
]
}