{
  "reshape": {
    "input": [
      {
        "is_anchor": false,
        "rank_range": [
          2,
          2
        ],
        "rel_anchor": [
          "lambda x:\"any\"",
          "lambda x:x[1]"
        ]
      },
      {
        "is_anchor": true,
        "rank_range": [
          2,
          2
        ],
        "rel_anchor": []
      },
      {
        "is_anchor": false,
        "rank_range": [
          2,
          2
        ],
        "rel_anchor": [
          "lambda x:x[0]",
          "lambda x:x[1]"
        ]
      },
      {
        "is_anchor": false,
        "rank_range": [
          1,
          1
        ],
        "rel_anchor": [
          "lambda x:x[0]"
        ]
      },
      {
        "is_anchor": false,
        "rank_range": [
          1,
          1
        ],
        "rel_anchor": [
          "lambda x:x[0]"
        ]
      }
    ],
    "opr": []
  }
}