{
  "reshape": {
    "input": [
      {
        "is_anchor": true,
        "rank_range": [
          4,
          4
        ],
        "rel_anchor": [
          "lambda x:x[1] == 16"
        ]
      },
      {
        "is_anchor": false,
        "rank_range": [
          4,
          4
        ],
        "rel_anchor": [
          "lambda x:x[1]",
          "lambda x:x[1]",
          "lambda x:3",
          "lambda x:3"
        ]
      },
      {
        "is_anchor": false,
        "rank_range": [
          4,
          4
        ],
        "rel_anchor": [
          "lambda x:x[1]",
          "lambda x:x[1]",
          "lambda x:3",
          "lambda x:3"
        ]
      },
      {
        "is_anchor": false,
        "rank_range": [
          4,
          4
        ],
        "rel_anchor": [
          "lambda x:x[1]",
          "lambda x:x[1]*2",
          "lambda x:3",
          "lambda x:3"
        ]
      },
      {
        "is_anchor": false,
        "rank_range": [
          4,
          4
        ],
        "rel_anchor": [
          "lambda x:x[1]",
          "lambda x:x[1]*2",
          "lambda x:3",
          "lambda x:3"
        ]
      }
    ],
    "opr": []
  }
}