{
"Origin": [
12.207267761230469,
"None"
],
"Default": [
4.5700531005859375,
"['RemoveUnusedFunctions', 'ToBasicBlockNormalForm', 'Legalize', 'SimplifyInference', 'EliminateCommonSubexpr', 'CombineParallelConv2D', 'CombineParallelDense', 'CombineParallelBatchMatmul', 'FoldConstant', 'FoldScaleAxis', 'SimplifyExpr', 'CanonicalizeCast', 'CanonicalizeOps', 'FlattenAtrousConv', 'AlterOpLayout', 'SimplifyExpr', 'FastMath', 'FoldConstant', 'SplitArgs', 'FuseOps']"
],
"Greedy": [
4.5700531005859375,
"['FuseOps']"
],
"Beam": [
4.5700531005859375,
"['FuseOps']"
],
"SA": [
4.5700531005859375,
"['PartitionGraph', 'SimplifyInference', 'FastMath', 'BackwardFoldScaleAxis', 'CanonicalizeOps', 'CombineParallelBatchMatmul', 'Inline', 'ToBasicBlockNormalForm', 'DefuseOps', 'FuseOps', 'Inline', 'EliminateCommonSubexpr', 'Legalize', 'DeadCodeElimination', 'ToBasicBlockNormalForm', 'FoldConstant', 'FakeQuantizationToInteger', 'CombineParallelConv2D', 'DynamicToStatic']"
],
"Transfer": [
4.569732666015625,
"['SimplifyExpr', 'FuseOps', 'ToGraphNormalForm']"
]
}