{
"Origin": [
0.765869140625,
"None"
],
"Default": [
0.765869140625,
"['RemoveUnusedFunctions', 'ToBasicBlockNormalForm', 'Legalize', 'SimplifyInference', 'EliminateCommonSubexpr', 'CombineParallelConv2D', 'CombineParallelDense', 'CombineParallelBatchMatmul', 'FoldConstant', 'FoldScaleAxis', 'SimplifyExpr', 'CanonicalizeCast', 'CanonicalizeOps', 'FlattenAtrousConv', 'AlterOpLayout', 'SimplifyExpr', 'FastMath', 'FoldConstant', 'SplitArgs', 'FuseOps']"
],
"Greedy": [
0.765869140625,
"[]"
],
"Beam": [
0.765869140625,
"[]"
],
"SA": [
0.7657470703125,
"['MergeCompilerRegions', 'FakeQuantizationToInteger', 'FuseOps', 'CanonicalizeCast', 'DeadCodeElimination', 'OutlineCompilerFunctionsWithExistingGlobalSymbols', 'BackwardFoldScaleAxis', 'DeadCodeElimination', 'DeadCodeElimination', 'LambdaLift', 'ToBasicBlockNormalForm', 'ToBasicBlockNormalForm', 'EliminateCommonSubexpr', 'OutlineCompilerFunctionsWithExistingGlobalSymbols', 'ToMixedPrecision', 'MergeCompilerRegions', 'DynamicToStatic', 'FastMath', 'LambdaLift']"
],
"Transfer": [
0.7657470703125,
"['FuseOps', 'ToMixedPrecision']"
]
}