{
  "reshape": {
    "input": [
      {
        "is_anchor": true,
        "rank_range": [
          0,
          5
        ],
        "rel_anchor": []
      },
      {
        "is_anchor": false,
        "rank_range": [
          0,
          5
        ],
        "rel_anchor": [
          "lambda x: \"any\" if len(x) >= 1 else None",
          "lambda x: \"any\" if len(x) >= 2 else None",
          "lambda x: \"any\" if len(x) >= 3 else None",
          "lambda x: \"any\" if len(x) >= 4 else None",
          "lambda x: \"any\" if len(x) >= 5 else None"
        ]
      }
    ],
    "opr": []
  }
}