{
"Origin": [
0.05832672119140625,
"None"
],
"Default": [
0.04238128662109375,
"['RemoveUnusedFunctions', 'ToBasicBlockNormalForm', 'Legalize', 'SimplifyInference', 'EliminateCommonSubexpr', 'CombineParallelConv2D', 'CombineParallelDense', 'CombineParallelBatchMatmul', 'FoldConstant', 'FoldScaleAxis', 'SimplifyExpr', 'CanonicalizeCast', 'CanonicalizeOps', 'FlattenAtrousConv', 'AlterOpLayout', 'SimplifyExpr', 'FastMath', 'FoldConstant', 'SplitArgs', 'FuseOps']"
],
"Greedy": [
0.043148040771484375,
"['FuseOps']"
],
"Beam": [
0.039402008056640625,
"['ToMixedPrecision', 'FuseOps']"
],
"SA": [
0.03940391540527344,
"['EliminateCommonSubexpr', 'FoldConstant', 'ToBasicBlockNormalForm', 'PartitionGraph', 'FoldScaleAxis', 'ToMixedPrecision', 'InferType', 'FoldScaleAxis', 'DeadCodeElimination', 'EtaExpand', 'ForwardFoldScaleAxis', 'CombineParallelDense', 'CombineParallelConv2D', 'MergeCompilerRegions', 'FuseOps', 'FoldScaleAxis', 'AlterOpLayout', 'AnnotateSpans', 'MarkCompilerFunctionsAsExtern']"
],
"Transfer": [
0.03787994384765625,
"['SimplifyExpr', 'ToANormalForm', 'FoldConstant', 'ToMixedPrecision', 'ToANormalForm', 'FoldConstant', 'ToGraphNormalForm', 'EliminateCommonSubexpr', 'FuseOps']"
]
}