{
  "reshape": {
    "input": [
      {
        "is_anchor": true,
        "rank_range": [
          1,
          5
        ],
        "rel_anchor": [
          "lambda x: 1 in x"
        ]
      },
      {
        "is_anchor": false,
        "rank_range": [
          0,
          5
        ],
        "rel_anchor": [
          "lambda x:[idx for idx, elem in enumerate(x) if elem == 1][0]",
          "lambda x:[idx for idx, elem in enumerate(x) if elem == 1][1]",
          "lambda x:[idx for idx, elem in enumerate(x) if elem == 1][2]",
          "lambda x:[idx for idx, elem in enumerate(x) if elem == 1][3]",
          "lambda x:[idx for idx, elem in enumerate(x) if elem == 1][4]"
        ]
      }
    ],
    "opr": []
  }
}