{
"Origin": [
2.765655517578125e-05,
"None"
],
"Default": [
2.765655517578125e-05,
"['RemoveUnusedFunctions', 'ToBasicBlockNormalForm', 'Legalize', 'SimplifyInference', 'EliminateCommonSubexpr', 'CombineParallelConv2D', 'CombineParallelDense', 'CombineParallelBatchMatmul', 'FoldConstant', 'FoldScaleAxis', 'SimplifyExpr', 'CanonicalizeCast', 'CanonicalizeOps', 'FlattenAtrousConv', 'AlterOpLayout', 'SimplifyExpr', 'FastMath', 'FoldConstant', 'SplitArgs', 'FuseOps']"
],
"Greedy": [
2.765655517578125e-05,
"[]"
],
"Beam": [
2.765655517578125e-05,
"[]"
],
"SA": [
2.765655517578125e-05,
"[]"
],
"Transfer": [
2.384185791015625e-05,
"['PartialEvaluate', 'SimplifyExpr', 'ToANormalForm', 'FuseOps', 'ToANormalForm']"
]
}