{
"Origin": [
0.0101318359375,
"None"
],
"Default": [
0.005924224853515625,
"['RemoveUnusedFunctions', 'ToBasicBlockNormalForm', 'Legalize', 'SimplifyInference', 'EliminateCommonSubexpr', 'CombineParallelConv2D', 'CombineParallelDense', 'CombineParallelBatchMatmul', 'FoldConstant', 'FoldScaleAxis', 'SimplifyExpr', 'CanonicalizeCast', 'CanonicalizeOps', 'FlattenAtrousConv', 'AlterOpLayout', 'SimplifyExpr', 'FastMath', 'FoldConstant', 'SplitArgs', 'FuseOps']"
],
"Greedy": [
0.005924224853515625,
"['SimplifyExpr', 'FuseOps']"
],
"Beam": [
0.0055408477783203125,
"['ToMixedPrecision', 'FuseOps']"
],
"SA": [
0.005924224853515625,
"['CanonicalizeOps', 'FastMath', 'Legalize', 'MarkCompilerFunctionsAsExtern', 'ForwardFoldScaleAxis', 'DeadCodeElimination', 'ToBasicBlockNormalForm', 'SimplifyExpr', 'CombineParallelDense', 'FoldConstant', 'RemoveUnusedFunctions', 'AnnotateSpans', 'OutlineCompilerFunctionsWithExistingGlobalSymbols', 'FakeQuantizationToInteger', 'EtaExpand', 'CombineParallelConv2D', 'FuseOps', 'SimplifyInference']"
],
"Transfer": [
0.0047779083251953125,
"['ToANormalForm', 'ToGraphNormalForm', 'ToMixedPrecision', 'SimplifyExpr', 'FuseOps']"
]
}