{
  "reshape": {
    "input": [
      {
        "is_anchor": true,
        "rank_range": [
          3,
          3
        ],
        "rel_anchor": [
          "lambda x: x[0] == 1"
        ]
      },
      {
        "is_anchor": false,
        "rank_range": [
          1,
          1
        ],
        "rel_anchor": [
          "lambda x:x[1]"
        ]
      }
    ],
    "opr": [
      {
        "op": "reshape",
        "pos": "000",
        "attrs": {
          "newshape": [
            "lambda x:x[0]",
            "lambda x:x[2]",
            "lambda x:x[1]"
          ]
        }
      },
      {
        "op": "broadcast_to",
        "pos": "100",
        "attrs": {
          "shape": [
            "lambda x:x[1]",
            "lambda x:x[1]",
            "lambda x:x[1]"
          ]
        }
      }
    ]
  }
}